"api_name","famille","cache","nom_fr","description_fr","name_en","description_en","icone","icone_grise"
"ERE_HAMEAU","Les ères","non","Les premiers sentiers","Atteindre l'ère du Hameau.","The First Trails","Reach the Hamlet era.","public/pixelart/ui/achievements/ERE_HAMEAU.png","public/pixelart/ui/achievements/ERE_HAMEAU-gris.png"
"ERE_VILLAGE","Les ères","non","La terre partagée","Atteindre l'ère du Village.","The Divided Land","Reach the Village era.","public/pixelart/ui/achievements/ERE_VILLAGE.png","public/pixelart/ui/achievements/ERE_VILLAGE-gris.png"
"ERE_BOURG_MARCHAND","Les ères","non","L'or et l'étranger","Atteindre l'ère du Bourg marchand.","Gold and the Stranger","Reach the Market Town era.","public/pixelart/ui/achievements/ERE_BOURG_MARCHAND.png","public/pixelart/ui/achievements/ERE_BOURG_MARCHAND-gris.png"
"ERE_CITE_FORTIFIEE","Les ères","non","Inventer l'ennemi","Atteindre l'ère de la Cité fortifiée.","Inventing the Enemy","Reach the Fortified City era.","public/pixelart/ui/achievements/ERE_CITE_FORTIFIEE.png","public/pixelart/ui/achievements/ERE_CITE_FORTIFIEE-gris.png"
"ERE_ROYAUME","Les ères","non","Un sceptre pour les provinces","Atteindre l'ère du Royaume.","One Scepter for the Provinces","Reach the Kingdom era.","public/pixelart/ui/achievements/ERE_ROYAUME.png","public/pixelart/ui/achievements/ERE_ROYAUME-gris.png"
"ERE_EMPIRE","Les ères","non","Au bord de sa propre chute","Atteindre l'ère de l'Empire.","On the Brink of Its Own Fall","Reach the Empire era.","public/pixelart/ui/achievements/ERE_EMPIRE.png","public/pixelart/ui/achievements/ERE_EMPIRE-gris.png"
"ERE_METROPOLE","Les ères","non","Une mer humaine","Atteindre l'ère de la Métropole.","A Human Sea","Reach the Metropolis era.","public/pixelart/ui/achievements/ERE_METROPOLE.png","public/pixelart/ui/achievements/ERE_METROPOLE-gris.png"
"ERE_SINGULARITE","Les ères","non","Le titan de métal","Atteindre l'ère de la Singularité.","The Titan of Metal","Reach the Singularity era.","public/pixelart/ui/achievements/ERE_SINGULARITE.png","public/pixelart/ui/achievements/ERE_SINGULARITE-gris.png"
"ERE_CONSCIENCE","Les ères","non","La cité devenue monde","Atteindre l'ère de la Conscience planétaire.","The City Became the World","Reach the Planetary Consciousness era.","public/pixelart/ui/achievements/ERE_CONSCIENCE.png","public/pixelart/ui/achievements/ERE_CONSCIENCE-gris.png"
"ERE_DYSON","Les ères","non","Pas un photon perdu","Atteindre l'ère de la Sphère de Dyson.","Not a Photon Wasted","Reach the Dyson Sphere era.","public/pixelart/ui/achievements/ERE_DYSON.png","public/pixelart/ui/achievements/ERE_DYSON-gris.png"
"CHUTE_PREMIERE","Les chutes","non","Tout ce qui s'élève","Traverser un premier effondrement.","All That Rises","Live through a first collapse.","public/pixelart/ui/achievements/CHUTE_PREMIERE.png","public/pixelart/ui/achievements/CHUTE_PREMIERE-gris.png"
"CHUTE_10","Les chutes","non","Le pli de l'histoire","Traverser 10 effondrements.","The Fold of History","Live through 10 collapses.","public/pixelart/ui/achievements/CHUTE_10.png","public/pixelart/ui/achievements/CHUTE_10-gris.png"
"CHUTE_50","Les chutes","non","Mémoire des cendres","Traverser 50 effondrements.","Memory of Ashes","Live through 50 collapses.","public/pixelart/ui/achievements/CHUTE_50.png","public/pixelart/ui/achievements/CHUTE_50-gris.png"
"CHUTE_100","Les chutes","non","Cent fois sur le métier","Traverser 100 effondrements.","A Hundred Times Over","Live through 100 collapses.","public/pixelart/ui/achievements/CHUTE_100.png","public/pixelart/ui/achievements/CHUTE_100-gris.png"
"CHUTE_250","Les chutes","non","L'éternel retour","Traverser 250 effondrements.","The Eternal Return","Live through 250 collapses.","public/pixelart/ui/achievements/CHUTE_250.png","public/pixelart/ui/achievements/CHUTE_250-gris.png"
"CYCLE_UNE_HEURE","Les chutes","non","Tenir debout","Faire tenir une civilisation une heure avant sa chute.","Still Standing","Keep a civilization standing for an hour before it falls.","public/pixelart/ui/achievements/CYCLE_UNE_HEURE.png","public/pixelart/ui/achievements/CYCLE_UNE_HEURE-gris.png"
"CRISES_TROIS","Les chutes","non","Trois fois sauvée","Stabiliser les trois crises d'un même cycle.","Saved Three Times","Stabilize all three crises of a single cycle.","public/pixelart/ui/achievements/CRISES_TROIS.png","public/pixelart/ui/achievements/CRISES_TROIS-gris.png"
"VOEU_TENU","Les chutes","non","Parole tenue","Accomplir le vœu d'un cycle.","A Promise Kept","Fulfill a cycle's vow.","public/pixelart/ui/achievements/VOEU_TENU.png","public/pixelart/ui/achievements/VOEU_TENU-gris.png"
"TESTAMENT","Les chutes","non","Les dernières volontés","Graver un testament pour les cités à venir.","Last Wishes","Engrave a testament for the cities to come.","public/pixelart/ui/achievements/TESTAMENT.png","public/pixelart/ui/achievements/TESTAMENT-gris.png"
"RUINES_CENT","La cité","non","Bonne moisson","Récolter 100 Ruines en un seul effondrement.","A Fine Harvest","Harvest 100 Ruins in a single collapse.","public/pixelart/ui/achievements/RUINES_CENT.png","public/pixelart/ui/achievements/RUINES_CENT-gris.png"
"RUINES_MILLION","La cité","non","Un champ de ruines","Récolter un million de Ruines en un seul effondrement.","A Field of Ruins","Harvest a million Ruins in a single collapse.","public/pixelart/ui/achievements/RUINES_MILLION.png","public/pixelart/ui/achievements/RUINES_MILLION-gris.png"
"RUINES_BILLIARD","La cité","non","Des décombres à perte de vue","Récolter un million de milliards de Ruines en un seul effondrement.","Rubble as Far as the Eye Can See","Harvest a quadrillion Ruins in a single collapse.","public/pixelart/ui/achievements/RUINES_BILLIARD.png","public/pixelart/ui/achievements/RUINES_BILLIARD-gris.png"
"ARBRE_RACINE","La cité","non","Une première racine","Acquérir un premier nœud de l'arbre des Ruines.","A First Root","Acquire a first node of the Tree of Ruins.","public/pixelart/ui/achievements/ARBRE_RACINE.png","public/pixelart/ui/achievements/ARBRE_RACINE-gris.png"
"ARBRE_COURONNE","La cité","non","Couronner une branche","Acquérir la couronne d'une branche de l'arbre des Ruines.","Crowning a Branch","Acquire the crown of a branch of the Tree of Ruins.","public/pixelart/ui/achievements/ARBRE_COURONNE.png","public/pixelart/ui/achievements/ARBRE_COURONNE-gris.png"
"RAYONNEMENT_GOGOL","La cité","non","Un gogol","Porter le Rayonnement à un gogol (10^100).","A Googol","Raise Radiance to a googol (10^100).","public/pixelart/ui/achievements/RAYONNEMENT_GOGOL.png","public/pixelart/ui/achievements/RAYONNEMENT_GOGOL-gris.png"
"MERVEILLE_PREMIERE","La cité","non","La pierre se souvient","Ériger une première merveille.","Stone Remembers","Erect a first wonder.","public/pixelart/ui/achievements/MERVEILLE_PREMIERE.png","public/pixelart/ui/achievements/MERVEILLE_PREMIERE-gris.png"
"MERVEILLES_TOUTES","La cité","non","Les six merveilles","Ériger les six merveilles.","The Six Wonders","Erect all six wonders.","public/pixelart/ui/achievements/MERVEILLES_TOUTES.png","public/pixelart/ui/achievements/MERVEILLES_TOUTES-gris.png"
"MERVEILLE_RANG_V","La cité","non","Le faîte de la pierre","Élever une merveille à son cinquième rang.","The Summit of Stone","Raise a wonder to its fifth rank.","public/pixelart/ui/achievements/MERVEILLE_RANG_V.png","public/pixelart/ui/achievements/MERVEILLE_RANG_V-gris.png"
"CITE_BAPTISEE","La cité","non","Un nom pour la cité","Donner soi-même son nom à la cité.","A Name for the City","Name the city yourself.","public/pixelart/ui/achievements/CITE_BAPTISEE.png","public/pixelart/ui/achievements/CITE_BAPTISEE-gris.png"
"SCEAU_I","Les sceaux","oui","Le Premier Crépuscule","Réclamer le sceau I : traverser 10 effondrements.","The First Dusk","Claim Seal I: live through 10 collapses.","public/pixelart/ui/achievements/SCEAU_I.png","public/pixelart/ui/achievements/SCEAU_I-gris.png"
"SCEAU_II","Les sceaux","oui","La Première Merveille","Réclamer le sceau II : ériger 3 merveilles.","The First Wonder","Claim Seal II: erect 3 wonders.","public/pixelart/ui/achievements/SCEAU_II.png","public/pixelart/ui/achievements/SCEAU_II-gris.png"
"SCEAU_III","Les sceaux","oui","Premier Pacte Mythique","Réclamer le sceau III : accomplir un premier Mythe.","First Mythic Pact","Claim Seal III: complete a first Myth.","public/pixelart/ui/achievements/SCEAU_III.png","public/pixelart/ui/achievements/SCEAU_III-gris.png"
"SCEAU_IV","Les sceaux","oui","La Colonne du Million","Réclamer le sceau IV : porter le Rayonnement au seuil du sceau.","The Column of the Million","Claim Seal IV: raise Radiance to the seal's threshold.","public/pixelart/ui/achievements/SCEAU_IV.png","public/pixelart/ui/achievements/SCEAU_IV-gris.png"
"SCEAU_V","Les sceaux","oui","L'Olympe se prononce","Réclamer le sceau V : obtenir le verdict de l'Olympe.","Olympus Speaks","Claim Seal V: receive the verdict of Olympus.","public/pixelart/ui/achievements/SCEAU_V.png","public/pixelart/ui/achievements/SCEAU_V-gris.png"
"SCEAU_VI","Les sceaux","oui","Acte I : La Fondation Scellée","Réclamer le sceau VI : accomplir 5 Mythes.","Act I: The Foundation Sealed","Claim Seal VI: complete 5 Myths.","public/pixelart/ui/achievements/SCEAU_VI.png","public/pixelart/ui/achievements/SCEAU_VI-gris.png"
"SCEAU_VII","Les sceaux","oui","Le Jackpot d'Icare","Réclamer le sceau VII : se poser à ×25 ou plus au vol d'Icare, sur une grosse mise.","Icarus's Jackpot","Claim Seal VII: land at ×25 or more on Icarus's flight, on a big stake.","public/pixelart/ui/achievements/SCEAU_VII.png","public/pixelart/ui/achievements/SCEAU_VII-gris.png"
"SCEAU_VIII","Les sceaux","oui","Acte II : La Domination Scellée","Réclamer le sceau VIII : accomplir 8 Mythes.","Act II: Dominion Sealed","Claim Seal VIII: complete 8 Myths.","public/pixelart/ui/achievements/SCEAU_VIII.png","public/pixelart/ui/achievements/SCEAU_VIII-gris.png"
"SCEAU_IX","Les sceaux","oui","Les Couronnes Jumelles","Réclamer le sceau IX : acquérir les 4 couronnes de l'arbre des Ruines.","The Twin Crowns","Claim Seal IX: acquire the 4 crowns of the Tree of Ruins.","public/pixelart/ui/achievements/SCEAU_IX.png","public/pixelart/ui/achievements/SCEAU_IX-gris.png"
"SCEAU_X","Les sceaux","oui","Au-delà de la Singularité","Réclamer le sceau X : franchir l'ère du sceau, au-delà de la Singularité.","Beyond the Singularity","Claim Seal X: cross the seal's era, beyond the Singularity.","public/pixelart/ui/achievements/SCEAU_X.png","public/pixelart/ui/achievements/SCEAU_X-gris.png"
"SCEAU_XI","Les sceaux","oui","Sous le Regard du Ragnarök","Réclamer le sceau XI : accomplir les 14 Mythes, Ragnarök compris.","Under Ragnarök's Gaze","Claim Seal XI: complete all 14 Myths, Ragnarök included.","public/pixelart/ui/achievements/SCEAU_XI.png","public/pixelart/ui/achievements/SCEAU_XI-gris.png"
"SCEAUX_TOUS","Les sceaux","non","Le livre scellé","Réclamer les onze sceaux du Grand Reset.","The Sealed Book","Claim all eleven Grand Reset seals.","public/pixelart/ui/achievements/SCEAUX_TOUS.png","public/pixelart/ui/achievements/SCEAUX_TOUS-gris.png"
"MYTHE_CHAOS","Les Mythes","non","Né du néant","Accomplir le Mythe du Chaos.","Born of the Void","Complete the Myth of Chaos.","public/pixelart/ui/achievements/MYTHE_CHAOS.png","public/pixelart/ui/achievements/MYTHE_CHAOS-gris.png"
"MYTHE_PROMETHEE","Les Mythes","non","Le feu volé","Accomplir le Mythe de Prométhée.","The Stolen Fire","Complete the Myth of Prometheus.","public/pixelart/ui/achievements/MYTHE_PROMETHEE.png","public/pixelart/ui/achievements/MYTHE_PROMETHEE-gris.png"
"MYTHE_ENEE","Les Mythes","non","La migration fondatrice","Accomplir le Mythe d'Énée.","The Founding Migration","Complete the Myth of Aeneas.","public/pixelart/ui/achievements/MYTHE_ENEE.png","public/pixelart/ui/achievements/MYTHE_ENEE-gris.png"
"MYTHE_CADMOS","Les Mythes","non","Les noms de pouvoir","Accomplir le Mythe de Cadmos.","Names of Power","Complete the Myth of Cadmus.","public/pixelart/ui/achievements/MYTHE_CADMOS.png","public/pixelart/ui/achievements/MYTHE_CADMOS-gris.png"
"MYTHE_HEPHAISTOS","Les Mythes","non","La forge des automates","Accomplir le Mythe d'Héphaïstos.","The Forge of Automatons","Complete the Myth of Hephaestus.","public/pixelart/ui/achievements/MYTHE_HEPHAISTOS.png","public/pixelart/ui/achievements/MYTHE_HEPHAISTOS-gris.png"
"MYTHE_SISYPHE","Les Mythes","non","Le rocher au sommet","Accomplir le Mythe de Sisyphe.","The Boulder at the Summit","Complete the Myth of Sisyphus.","public/pixelart/ui/achievements/MYTHE_SISYPHE.png","public/pixelart/ui/achievements/MYTHE_SISYPHE-gris.png"
"MYTHE_BABEL","Les Mythes","non","La langue commune","Accomplir le Mythe de Babel.","The Common Tongue","Complete the Myth of Babel.","public/pixelart/ui/achievements/MYTHE_BABEL.png","public/pixelart/ui/achievements/MYTHE_BABEL-gris.png"
"MYTHE_AGE_OR","Les Mythes","non","Les caravanes","Accomplir le Mythe de l'Âge d'Or.","The Caravans","Complete the Myth of the Golden Age.","public/pixelart/ui/achievements/MYTHE_AGE_OR.png","public/pixelart/ui/achievements/MYTHE_AGE_OR-gris.png"
"MYTHE_ATLAS","Les Mythes","non","Porter le ciel","Accomplir le Mythe d'Atlas.","Bearing the Sky","Complete the Myth of Atlas.","public/pixelart/ui/achievements/MYTHE_ATLAS.png","public/pixelart/ui/achievements/MYTHE_ATLAS-gris.png"
"MYTHE_ICARE","Les Mythes","non","Les ailes de cire","Accomplir le Mythe d'Icare.","Wings of Wax","Complete the Myth of Icarus.","public/pixelart/ui/achievements/MYTHE_ICARE.png","public/pixelart/ui/achievements/MYTHE_ICARE-gris.png"
"MYTHE_PHENIX","Les Mythes","non","Trois fois renaître","Accomplir le Mythe du Phénix.","Reborn Three Times","Complete the Myth of the Phoenix.","public/pixelart/ui/achievements/MYTHE_PHENIX.png","public/pixelart/ui/achievements/MYTHE_PHENIX-gris.png"
"MYTHE_ATRIDES","Les Mythes","non","La dette payée","Accomplir le Mythe des Atrides.","The Debt Repaid","Complete the Myth of the Atreides.","public/pixelart/ui/achievements/MYTHE_ATRIDES.png","public/pixelart/ui/achievements/MYTHE_ATRIDES-gris.png"
"MYTHE_ANTEE","Les Mythes","non","Le géant et la terre","Accomplir le Mythe d'Antée.","The Giant and the Earth","Complete the Myth of Antaeus.","public/pixelart/ui/achievements/MYTHE_ANTEE.png","public/pixelart/ui/achievements/MYTHE_ANTEE-gris.png"
"MYTHE_RAGNAROK","Les Mythes","oui","Le crépuscule des dieux","Achever l'Arche et conjurer le Ragnarök.","Twilight of the Gods","Complete the Ark and ward off Ragnarök.","public/pixelart/ui/achievements/MYTHE_RAGNAROK.png","public/pixelart/ui/achievements/MYTHE_RAGNAROK-gris.png"
"CIEL_TOMBE","Les Mythes","oui","Le ciel est tombé","Laisser le ciel d'Atlas écraser la cité.","The Sky Fell","Let Atlas's sky crush the city.","public/pixelart/ui/achievements/CIEL_TOMBE.png","public/pixelart/ui/achievements/CIEL_TOMBE-gris.png"
"OSSELETS_VENUS","La Maison des Plaisirs","non","Coup de Vénus","Tirer un coup de Vénus aux osselets.","Venus Throw","Roll a Venus throw at knucklebones.","public/pixelart/ui/achievements/OSSELETS_VENUS.png","public/pixelart/ui/achievements/OSSELETS_VENUS-gris.png"
"OSSELETS_CHIEN","La Maison des Plaisirs","oui","Le coup du Chien","Tirer le coup du Chien aux osselets.","The Dog Throw","Roll the Dog throw at knucklebones.","public/pixelart/ui/achievements/OSSELETS_CHIEN.png","public/pixelart/ui/achievements/OSSELETS_CHIEN-gris.png"
"ICARE_X10","La Maison des Plaisirs","non","Plus près du soleil","Se poser à ×10 ou plus au vol d'Icare.","Closer to the Sun","Land at ×10 or more on Icarus's flight.","public/pixelart/ui/achievements/ICARE_X10.png","public/pixelart/ui/achievements/ICARE_X10-gris.png"
"GRATTEUX_SOLEIL","La Maison des Plaisirs","non","Un soleil sous la cire","Gratter un soleil sur un ticket.","A Sun Beneath the Wax","Scratch a sun on a ticket.","public/pixelart/ui/achievements/GRATTEUX_SOLEIL.png","public/pixelart/ui/achievements/GRATTEUX_SOLEIL-gris.png"
"VINGTETUN_NATUREL","La Maison des Plaisirs","non","Vingt-et-un d'entrée","Être servi d'un vingt-et-un naturel.","A Natural Twenty-One","Be dealt a natural twenty-one.","public/pixelart/ui/achievements/VINGTETUN_NATUREL.png","public/pixelart/ui/achievements/VINGTETUN_NATUREL-gris.png"
"VINGTETUN_SERIE","La Maison des Plaisirs","non","La voix de l'oracle","Gagner 5 mains de suite au vingt-et-un.","The Oracle's Voice","Win 5 hands in a row at twenty-one.","public/pixelart/ui/achievements/VINGTETUN_SERIE.png","public/pixelart/ui/achievements/VINGTETUN_SERIE-gris.png"
"VIDEUR","La Maison des Plaisirs","oui","Raccompagné à la porte","Se faire sortir du vingt-et-un par le videur.","Shown the Door","Get thrown out of twenty-one by the bouncer.","public/pixelart/ui/achievements/VIDEUR.png","public/pixelart/ui/achievements/VIDEUR-gris.png"
"MACHINE_HOLD","La Maison des Plaisirs","non","Tenir et gagner","Déclencher le Hold & Win à la machine à sous.","Hold and Win","Trigger the Hold & Win on the slot machine.","public/pixelart/ui/achievements/MACHINE_HOLD.png","public/pixelart/ui/achievements/MACHINE_HOLD-gris.png"
"MACHINE_JACKPOT","La Maison des Plaisirs","non","Le gros lot","Rafler un jackpot à la machine à sous.","The Big One","Rake in a jackpot on the slot machine.","public/pixelart/ui/achievements/MACHINE_JACKPOT.png","public/pixelart/ui/achievements/MACHINE_JACKPOT-gris.png"
"DUEL_GAGNE","La Maison des Plaisirs","non","Le flambeur à terre","Gagner un duel contre le grand flambeur.","The High Roller Falls","Win a duel against the high roller.","public/pixelart/ui/achievements/DUEL_GAGNE.png","public/pixelart/ui/achievements/DUEL_GAGNE-gris.png"
"COURSE_OUTSIDER","La Maison des Plaisirs","non","Le tocard","Gagner une course sur un outsider coté à 10 contre 1 ou plus.","The Long Shot","Win a race on an outsider at odds of 10 to 1 or longer.","public/pixelart/ui/achievements/COURSE_OUTSIDER.png","public/pixelart/ui/achievements/COURSE_OUTSIDER-gris.png"
"ROUE_MAISON","La Maison des Plaisirs","non","La roue tourne","Prendre un tour de la roue de la Maison.","The Wheel Turns","Take a spin of the House wheel.","public/pixelart/ui/achievements/ROUE_MAISON.png","public/pixelart/ui/achievements/ROUE_MAISON-gris.png"
"NUIT_GRAND_JEU","La Maison des Plaisirs","non","La Nuit du Grand Jeu","Vivre une Nuit du Grand Jeu.","The Night of High Play","Live through a Night of High Play.","public/pixelart/ui/achievements/NUIT_GRAND_JEU.png","public/pixelart/ui/achievements/NUIT_GRAND_JEU-gris.png"
"MAISON_FAMILIER","La Maison des Plaisirs","non","Un visage familier","Devenir Familier de la Maison.","A Familiar Face","Become a Familiar face of the House.","public/pixelart/ui/achievements/MAISON_FAMILIER.png","public/pixelart/ui/achievements/MAISON_FAMILIER-gris.png"
"MAISON_MECENE","La Maison des Plaisirs","non","Mécène","Devenir Mécène de la Maison.","Patron","Become a Patron of the House.","public/pixelart/ui/achievements/MAISON_MECENE.png","public/pixelart/ui/achievements/MAISON_MECENE-gris.png"
"MAISON_PRINCE","La Maison des Plaisirs","non","Prince de la Maison","Atteindre le plus haut titre de la Maison.","Prince of the House","Reach the highest title of the House.","public/pixelart/ui/achievements/MAISON_PRINCE.png","public/pixelart/ui/achievements/MAISON_PRINCE-gris.png"
"FD_PREMIER","Faits divers","non","Ça s'est passé près de chez vous","Surprendre un premier fait divers dans les rues.","It Happened Around the Corner","Witness a first local tale in the streets.","public/pixelart/ui/achievements/FD_PREMIER.png","public/pixelart/ui/achievements/FD_PREMIER-gris.png"
"FD_HISTOIRE","Faits divers","non","Le fin mot de l'histoire","Suivre un feuilleton des rues jusqu'à son dernier chapitre.","The End of the Story","Follow a street serial to its last chapter.","public/pixelart/ui/achievements/FD_HISTOIRE.png","public/pixelart/ui/achievements/FD_HISTOIRE-gris.png"
"FD_TOUTES","Faits divers","non","La gazette des rues","Suivre tous les feuilletons des rues jusqu'au bout.","The Street Gazette","Follow every street serial to the end.","public/pixelart/ui/achievements/FD_TOUTES.png","public/pixelart/ui/achievements/FD_TOUTES-gris.png"
"FD_CURIOSITES","Faits divers","non","Le badaud","Remarquer toutes les curiosités de la ville.","The Onlooker","Notice every curiosity in town.","public/pixelart/ui/achievements/FD_CURIOSITES.png","public/pixelart/ui/achievements/FD_CURIOSITES-gris.png"
"FD_AMOUREUX","Faits divers","oui","Le ruban recousu","Mener Nancy et William jusqu'à leur mariage.","The Ribbon Mended","See Nancy and William through to their wedding.","public/pixelart/ui/achievements/FD_AMOUREUX.png","public/pixelart/ui/achievements/FD_AMOUREUX-gris.png"
"TEMPS_UNE_HEURE","La Chronique","non","Une heure d'histoire","Jouer une heure.","An Hour of History","Play for an hour.","public/pixelart/ui/achievements/TEMPS_UNE_HEURE.png","public/pixelart/ui/achievements/TEMPS_UNE_HEURE-gris.png"
"TEMPS_DIX_HEURES","La Chronique","non","Le chroniqueur","Jouer dix heures.","The Chronicler","Play for ten hours.","public/pixelart/ui/achievements/TEMPS_DIX_HEURES.png","public/pixelart/ui/achievements/TEMPS_DIX_HEURES-gris.png"
"TEMPS_CENT_HEURES","La Chronique","non","La mémoire des âges","Jouer cent heures.","The Memory of the Ages","Play for a hundred hours.","public/pixelart/ui/achievements/TEMPS_CENT_HEURES.png","public/pixelart/ui/achievements/TEMPS_CENT_HEURES-gris.png"
